id,title,description,price,url,image,categoryId
p1,Стенды ТНВД и станки для ремонта ДВС — ООО «КРОСС ЭКСПОРТ»,"Продаём стенды ТНВД и станки для ремонта ДВС. Цены на 10–15% ниже конкурентов, доставка по России, гарантия и техподдержка.",10,https://sto.cross-export.ru,https://sto.cross-export.ru/images/tild3062-6330-4764-a263-303737666631___.jpg,1
p6,Станки для фрезеровки и шлифовки плоскости ГБЦ и блока — ООО «КРОСС ЭКСПОРТ»,"Станки для фрезеровки и шлифовки плоскости ГБЦ и блока цилиндров. В наличии и под заказ, доставка по России со скидкой 25%, гарантия и техподдержка.",25,https://sto.cross-export.ru/frezerovka,https://sto.cross-export.ru/images/tild3231-3934-4232-b630-396666653066__4.jpg,1
p9,Станки для обработки и шлифовки клапанов — ООО «КРОСС ЭКСПОРТ»,"Станки для обработки и шлифовки клапанов ДВС. В наличии и под заказ из Китая, цены на 10–15% ниже конкурентов, доставка по России и гарантия.",10,https://sto.cross-export.ru/obrabklapana,https://sto.cross-export.ru/images/tild6361-3837-4765-b031-623337303435__7.jpg,1
p10,Горизонтально-расточные станки — ООО «КРОСС ЭКСПОРТ»,"Горизонтально-расточные станки для ремонта ДВС. Модели в наличии и под заказ, доставка по России со скидкой 25%, гарантия и бесплатная техподдержка.",25,https://sto.cross-export.ru/gorizrast,https://sto.cross-export.ru/images/tild6463-3038-4266-a134-366638346336__8.jpg,1
p15,Стенд опрессовки ГБЦ LD-1650 — ООО «КРОСС ЭКСПОРТ»,"Стенд для опрессовки ГБЦ LD-1650. В наличии и под заказ, доставка по России, гарантия и техподдержка.",1650,https://sto.cross-export.ru/ld-1650,https://sto.cross-export.ru/images/tild3839-3564-4934-b966-366238393036___.jpg,1
p16,Стенд опрессовки ГБЦ УГ1000 — ООО «КРОСС ЭКСПОРТ»,"Стенд для опрессовки ГБЦ УГ1000. В наличии и под заказ, доставка по России, гарантия и техподдержка.",1000,https://sto.cross-export.ru/ug1000,https://sto.cross-export.ru/images/tild3839-3564-4934-b966-366238393036___.jpg,1
p17,Стенд опрессовки ГБЦ УГ1200 — ООО «КРОСС ЭКСПОРТ»,"Стенд для опрессовки ГБЦ УГ1200. В наличии и под заказ, доставка по России, гарантия и техподдержка.",1200,https://sto.cross-export.ru/ug1200,https://sto.cross-export.ru/images/tild3839-3564-4934-b966-366238393036___.jpg,1
p18,Стенд опрессовки ГБЦ УГ1400 — ООО «КРОСС ЭКСПОРТ»,"Стенд для опрессовки ГБЦ УГ1400. В наличии и под заказ, доставка по России, гарантия и техподдержка.",1400,https://sto.cross-export.ru/ug1400,https://sto.cross-export.ru/images/tild3839-3564-4934-b966-366238393036___.jpg,1
p19,Стенд опрессовки ГБЦ УГ1500 — ООО «КРОСС ЭКСПОРТ»,"Стенд для опрессовки ГБЦ УГ1500. В наличии и под заказ, доставка по России, гарантия и техподдержка.",1500,https://sto.cross-export.ru/ug1500,https://sto.cross-export.ru/images/tild3839-3564-4934-b966-366238393036___.jpg,1
p20,Стенд опрессовки ГБЦ УГ1600 — ООО «КРОСС ЭКСПОРТ»,"Стенд для опрессовки ГБЦ УГ1600. В наличии и под заказ, доставка по России, гарантия и техподдержка.",1600,https://sto.cross-export.ru/ug1600,https://sto.cross-export.ru/images/tild3839-3564-4934-b966-366238393036___.jpg,1
p21,Стенд опрессовки ГБЦ LD-1750 — ООО «КРОСС ЭКСПОРТ»,"Стенд для опрессовки ГБЦ LD-1750. В наличии и под заказ, доставка по России, гарантия и техподдержка.",1750,https://sto.cross-export.ru/ld-1750,https://sto.cross-export.ru/images/tild3839-3564-4934-b966-366238393036___.jpg,1
p22,Станок для ремонта шатунов T8210E — ООО «КРОСС ЭКСПОРТ»,"Станок для расточки верхней и нижней головки шатуна T8210E. В наличии и под заказ, доставка по России, гарантия и техподдержка.",8210,https://sto.cross-export.ru/t8210e,https://sto.cross-export.ru/images/tild3839-3564-4934-b966-366238393036___.jpg,1
p23,Станок для ремонта шатунов T8216 — ООО «КРОСС ЭКСПОРТ»,"Станок для ремонта шатунов T8216. В наличии и под заказ, доставка по России, гарантия и техподдержка.",8216,https://sto.cross-export.ru/t8216,https://sto.cross-export.ru/images/tild3839-3564-4934-b966-366238393036___.jpg,1
p27,Станок обработки поверхностей ГБЦ SMG1500 — ООО «КРОСС ЭКСПОРТ»,"Станок для обработки поверхностей ГБЦ SMG1500. В наличии и под заказ, доставка по России, гарантия и техподдержка.",1500,https://sto.cross-export.ru/smg1500,https://sto.cross-export.ru/images/tild3031-6363-4336-b438-633163653236___.jpg,1
p28,Станок фрезеровки плоскости ГБЦ 3M9735С130 — ООО «КРОСС ЭКСПОРТ»,"Станок для фрезеровки и шлифовки плоскости ГБЦ и блока 3M9735С130. В наличии и под заказ, доставка по России, гарантия и техподдержка.",9735,https://sto.cross-export.ru/3m9735130,https://sto.cross-export.ru/images/tild3031-6363-4336-b438-633163653236___.jpg,1
p29,Станок фрезеровки плоскости ГБЦ 3M9735С150 — ООО «КРОСС ЭКСПОРТ»,"Станок для фрезеровки и шлифовки плоскости ГБЦ и блока 3M9735С150. В наличии и под заказ, доставка по России, гарантия и техподдержка.",9735,https://sto.cross-export.ru/3m9735150,https://sto.cross-export.ru/images/tild3031-6363-4336-b438-633163653236___.jpg,1
p30,"Станок для фрезеровки и шлифовки плоскости ГБЦ и блока 3M9735С150. В наличии и под заказ, доставка по России, гарантия и техподдержка.","Станок для фрезеровки и шлифовки плоскости ГБЦ и блока 3M9740С130. В наличии и под заказ, доставка по России, гарантия и техподдержка.",9735,https://sto.cross-export.ru/3m9740c130,https://sto.cross-export.ru/images/tild3031-6363-4336-b438-633163653236___.jpg,1
p31,Станок фрезеровки плоскости ГБЦ 3M9740С150 — ООО «КРОСС ЭКСПОРТ»,"Станок для фрезеровки и шлифовки плоскости ГБЦ и блока 3M9740С150. В наличии и под заказ, доставка по России, гарантия и техподдержка.",9740,https://sto.cross-export.ru/3m9740c150,https://sto.cross-export.ru/images/tild3031-6363-4336-b438-633163653236___.jpg,1
p32,Плоскошлифовальный станок TSM-850 — ООО «КРОСС ЭКСПОРТ»,"Плоскошлифовальный станок TSM-850. В наличии и под заказ, доставка по России, гарантия и техподдержка.",850,https://sto.cross-export.ru/tsm-850,https://sto.cross-export.ru/images/tild3031-6363-4336-b438-633163653236___.jpg,1
p33,Вертикально-расточной станок BM200 — ООО «КРОСС ЭКСПОРТ»,"Вертикально-расточной станок с фрезеровкой плоскости BM200. В наличии и под заказ, доставка по России, гарантия и техподдержка.",200,https://sto.cross-export.ru/bm200,https://sto.cross-export.ru/images/tild3839-3564-4934-b966-366238393036___.jpg,1
p34,Вертикально-расточной станок T200D — ООО «КРОСС ЭКСПОРТ»,"Вертикально-расточной станок с фрезеровкой плоскости T200D. В наличии и под заказ, доставка по России, гарантия и техподдержка.",200,https://sto.cross-export.ru/t200d,https://sto.cross-export.ru/images/tild3839-3564-4934-b966-366238393036___.jpg,1
p35,Вертикально-расточной станок TХ200D — ООО «КРОСС ЭКСПОРТ»,"Вертикально-расточной станок с фрезеровкой плоскости TХ200D. В наличии и под заказ, доставка по России, гарантия и техподдержка.",200,https://sto.cross-export.ru/tx200d,https://sto.cross-export.ru/images/tild3839-3564-4934-b966-366238393036___.jpg,1
p36,Вертикально-расточной станок TХМ200D — ООО «КРОСС ЭКСПОРТ»,"Вертикально-расточной станок с фрезеровкой плоскости TХМ200D. В наличии и под заказ, доставка по России, гарантия и техподдержка.",200,https://sto.cross-export.ru/txm200d,https://sto.cross-export.ru/images/tild3839-3564-4934-b966-366238393036___.jpg,1
p37,Станок фаски седла клапана BV120 — ООО «КРОСС ЭКСПОРТ»,"Станок для обработки фаски седла клапанов BV120. В наличии и под заказ, доставка по России, гарантия и техподдержка.",120,https://sto.cross-export.ru/bv120,https://sto.cross-export.ru/images/tild3839-3564-4934-b966-366238393036___.jpg,1
p38,Станок фаски седла клапана BV60 — ООО «КРОСС ЭКСПОРТ»,"Станок для обработки фаски седла клапанов BV60. В наличии и под заказ, доставка по России, гарантия и техподдержка.",60,https://sto.cross-export.ru/bv60,https://sto.cross-export.ru/images/tild3839-3564-4934-b966-366238393036___.jpg,1
p39,Станок фаски седла клапана BV60S — ООО «КРОСС ЭКСПОРТ»,"Станок для обработки фаски седла клапанов BV60S. В наличии и под заказ, доставка по России, гарантия и техподдержка.",60,https://sto.cross-export.ru/bv60s,https://sto.cross-export.ru/images/tild3839-3564-4934-b966-366238393036___.jpg,1
p40,Станок фаски седла клапана BV90 — ООО «КРОСС ЭКСПОРТ»,"Станок для обработки фаски седла клапанов BV90. В наличии и под заказ, доставка по России, гарантия и техподдержка.",90,https://sto.cross-export.ru/bv90,https://sto.cross-export.ru/images/tild3839-3564-4934-b966-366238393036___.jpg,1
p41,Станок фаски седла клапана LD180A — ООО «КРОСС ЭКСПОРТ»,"Станок для обработки фаски седла клапанов LD180A. В наличии и под заказ, доставка по России, гарантия и техподдержка.",180,https://sto.cross-export.ru/ld180a,https://sto.cross-export.ru/images/tild3839-3564-4934-b966-366238393036___.jpg,1
p42,Станок фаски седла клапана LD180L — ООО «КРОСС ЭКСПОРТ»,"Станок для обработки фаски седла клапанов LD180L. В наличии и под заказ, доставка по России, гарантия и техподдержка.",180,https://sto.cross-export.ru/ld180l,https://sto.cross-export.ru/images/tild3839-3564-4934-b966-366238393036___.jpg,1
p43,Станок фаски седла клапана LD180L+ — ООО «КРОСС ЭКСПОРТ»,"Станок для обработки фаски седла клапанов LD180L+. В наличии и под заказ, доставка по России, гарантия и техподдержка.",180,https://sto.cross-export.ru/ld180lplus,https://sto.cross-export.ru/images/tild3839-3564-4934-b966-366238393036___.jpg,1
p44,Станок фаски седла клапана LD180S — ООО «КРОСС ЭКСПОРТ»,"Станок для обработки фаски седла клапанов LD180S. В наличии и под заказ, доставка по России, гарантия и техподдержка.",180,https://sto.cross-export.ru/ld180s,https://sto.cross-export.ru/images/tild3839-3564-4934-b966-366238393036___.jpg,1
p45,Станок фаски седла клапана TL120 — ООО «КРОСС ЭКСПОРТ»,"Станок для обработки фаски седла клапанов Tendtool TL120. В наличии и под заказ, доставка по России, гарантия и техподдержка.",120,https://sto.cross-export.ru/tendtool_tl120,https://sto.cross-export.ru/images/tild3839-3564-4934-b966-366238393036___.jpg,1
p46,Станок фаски седла клапана TL120 XL — ООО «КРОСС ЭКСПОРТ»,"Станок для обработки фаски седла клапанов Tendtool TL120 XL. В наличии и под заказ, доставка по России, гарантия и техподдержка.",120,https://sto.cross-export.ru/tendtooltl120xl,https://sto.cross-export.ru/images/tild3839-3564-4934-b966-366238393036___.jpg,1
p47,Станок фаски седла клапана VT60 — ООО «КРОСС ЭКСПОРТ»,"Станок для обработки фаски седла клапанов VT60 (VSB-60). В наличии и под заказ, доставка по России, гарантия и техподдержка.",60,https://sto.cross-export.ru/vt60,https://sto.cross-export.ru/images/tild3839-3564-4934-b966-366238393036___.jpg,1
p48,Станок шлифовки клапанов LD100L — ООО «КРОСС ЭКСПОРТ»,"Станок для шлифовки клапанов LD100L. В наличии и под заказ, доставка по России, гарантия и техподдержка.",100,https://sto.cross-export.ru/ld100l,https://sto.cross-export.ru/images/tild3839-3564-4934-b966-366238393036___.jpg,1
p49,Станок шлифовки клапанов LD100S — ООО «КРОСС ЭКСПОРТ»,"Станок для шлифовки клапанов LD100S. В наличии и под заказ, доставка по России, гарантия и техподдержка.",100,https://sto.cross-export.ru/ld100s,https://sto.cross-export.ru/images/tild3839-3564-4934-b966-366238393036___.jpg,1
p50,Горизонтально-расточной станок LB1000 — ООО «КРОСС ЭКСПОРТ»,"Горизонтально-расточной станок для постелей ГБЦ и блока LB1000. В наличии и под заказ, доставка по России, гарантия и техподдержка.",1000,https://sto.cross-export.ru/lb1000,https://sto.cross-export.ru/images/tild3839-3564-4934-b966-366238393036___.jpg,1
p51,Горизонтально-расточной станок LB2300 — ООО «КРОСС ЭКСПОРТ»,"Горизонтально-расточной станок для постелей ГБЦ и блока LB2300. В наличии и под заказ, доставка по России, гарантия и техподдержка.",2300,https://sto.cross-export.ru/lb2300,https://sto.cross-export.ru/images/tild3839-3564-4934-b966-366238393036___.jpg,1
p52,Горизонтально-расточной станок T8120SF — ООО «КРОСС ЭКСПОРТ»,"Горизонтально-расточной станок для постелей ГБЦ и блока T8120SF. В наличии и под заказ, доставка по России, гарантия и техподдержка.",8120,https://sto.cross-export.ru/t8120sf,https://sto.cross-export.ru/images/tild3839-3564-4934-b966-366238393036___.jpg,1
p53,Вертикально-хонинговальный станок 3М9816 — ООО «КРОСС ЭКСПОРТ»,"Вертикально-хонинговальный станок 3М9816. В наличии и под заказ, доставка по России, гарантия и техподдержка.",9816,https://sto.cross-export.ru/3m9816,https://sto.cross-export.ru/images/tild3839-3564-4934-b966-366238393036___.jpg,1
p54,Вертикально-хонинговальный станок 3MB9817 — ООО «КРОСС ЭКСПОРТ»,"Вертикально-хонинговальный станок 3MB9817. В наличии и под заказ, доставка по России, гарантия и техподдержка.",9817,https://sto.cross-export.ru/3mb9817,https://sto.cross-export.ru/images/tild3839-3564-4934-b966-366238393036___.jpg,1
p55,Вертикально-хонинговальный станок TH170D — ООО «КРОСС ЭКСПОРТ»,"Вертикально-хонинговальный станок TH170D. В наличии и под заказ, доставка по России, гарантия и техподдержка.",170,https://sto.cross-export.ru/th170d,https://sto.cross-export.ru/images/tild3839-3564-4934-b966-366238393036___.jpg,1
p56,Вертикально-хонинговальный станок VHM170 — ООО «КРОСС ЭКСПОРТ»,"Вертикально-хонинговальный станок VHM170. В наличии и под заказ, доставка по России, гарантия и техподдержка.",170,https://sto.cross-export.ru/vhm170,https://sto.cross-export.ru/images/tild3839-3564-4934-b966-366238393036___.jpg,1
p57,Стенд Common Rail NTS919-PRO — ООО «КРОСС ЭКСПОРТ»,"Стенд для проверки форсунок Common Rail NTS919-PRO. В наличии и под заказ, доставка по России, гарантия и техподдержка.",919,https://sto.cross-export.ru/nts919-pro,https://sto.cross-export.ru/images/tild6637-3362-4037-b661-313938346531___12.jpg,1
p58,Стенды для проверки ТНВД и форсунок Common Rail — ООО «КРОСС ЭКСПОРТ»,"Стенды для проверки ТНВД и форсунок Common Rail. Более 20 моделей в наличии и под заказ, скидка 25% на доставку по России, гарантия.",20,https://sto.cross-export.ru/tnvd,https://sto.cross-export.ru/images/tild6364-3566-4438-a366-303638373737__nts919-pro.jpg,1
p60,Гидравлический стенд NYM930 — ООО «КРОСС ЭКСПОРТ»,"Гидравлический стенд для проверки ТНВД NYM930. В наличии и под заказ, доставка по России, гарантия и техподдержка.",930,https://sto.cross-export.ru/nym930,https://sto.cross-export.ru/images/tild6637-3362-4037-b661-313938346531___12.jpg,1
p61,Стенд Common Rail CR1020 — ООО «КРОСС ЭКСПОРТ»,"Стенд для проверки форсунок Common Rail CR1020. В наличии и под заказ, доставка по России, гарантия и техподдержка.",1020,https://sto.cross-export.ru/cr1020,https://sto.cross-export.ru/images/tild6637-3362-4037-b661-313938346531___12.jpg,1
p62,Стенд HEUI305 — ООО «КРОСС ЭКСПОРТ»,"Стенд для диагностики форсунок HEUI305 (Caterpillar C7, C9, 3126B). В наличии и под заказ, доставка по России, гарантия и техподдержка.",305,https://sto.cross-export.ru/heui305,https://sto.cross-export.ru/images/tild6637-3362-4037-b661-313938346531___12.jpg,1
p63,"Стенд для проверки форсунок Common Rail CR1020. В наличии и под заказ, доставка по России, гарантия и техподдержка.","Стенд для проверки форсунок Common Rail TL200. В наличии и под заказ, доставка по России, гарантия и техподдержка.",1020,https://sto.cross-export.ru/tl200,https://sto.cross-export.ru/images/tild6637-3362-4037-b661-313938346531___12.jpg,1
p64,Стенд ТНВД 12PSDW — ООО «КРОСС ЭКСПОРТ»,"Стенд для проверки ТНВД 12PSDW. В наличии и под заказ, доставка по России, гарантия и техподдержка.",12,https://sto.cross-export.ru/12psdw,https://sto.cross-export.ru/images/tild6637-3362-4037-b661-313938346531___12.jpg,1
p65,Стенд Common Rail CR-819 — ООО «КРОСС ЭКСПОРТ»,"Стенд для проверки форсунок Common Rail CR-819. В наличии и под заказ, доставка по России, гарантия и техподдержка.",819,https://sto.cross-export.ru/cr-819,https://sto.cross-export.ru/images/tild6637-3362-4037-b661-313938346531___12.jpg,1
p66,Стенд ТНВД 12PSDW-A-150 — ООО «КРОСС ЭКСПОРТ»,"Стенд для проверки ТНВД 12PSDW-A-150. В наличии и под заказ, доставка по России, гарантия и техподдержка.",12,https://sto.cross-export.ru/12psdw-a-150,https://sto.cross-export.ru/images/tild6637-3362-4037-b661-313938346531___12.jpg,1
p67,Стенд ТНВД NT3000 — ООО «КРОСС ЭКСПОРТ»,"Стенд для проверки ТНВД NT3000. В наличии и под заказ, доставка по России, гарантия и техподдержка.",3000,https://sto.cross-export.ru/nt3000,https://sto.cross-export.ru/images/tild6637-3362-4037-b661-313938346531___12.jpg,1
p68,Стенд ТНВД 12PSB — ООО «КРОСС ЭКСПОРТ»,"Стенд для проверки ТНВД 12PSB. В наличии и под заказ, доставка по России, гарантия и техподдержка.",12,https://sto.cross-export.ru/12psb,https://sto.cross-export.ru/images/tild6637-3362-4037-b661-313938346531___12.jpg,1
p69,"Стенд для проверки ТНВД 12PSB. В наличии и под заказ, доставка по России, гарантия и техподдержка.","Стенд для проверки ТНВД 12PSB-mini. В наличии и под заказ, доставка по России, гарантия и техподдержка.",12,https://sto.cross-export.ru/12psb-mini,https://sto.cross-export.ru/images/tild6637-3362-4037-b661-313938346531___12.jpg,1
p70,Стенд Common Rail CR3000A-708 — ООО «КРОСС ЭКСПОРТ»,"Стенд для проверки форсунок Common Rail CR3000A-708. В наличии и под заказ, доставка по России, гарантия и техподдержка.",3000,https://sto.cross-export.ru/cr3000a-708,https://sto.cross-export.ru/images/tild6637-3362-4037-b661-313938346531___12.jpg,1
p71,Стенд Common Rail CR-966 — ООО «КРОСС ЭКСПОРТ»,"Стенд для проверки форсунок Common Rail CR-966. В наличии и под заказ, доставка по России, гарантия и техподдержка.",966,https://sto.cross-export.ru/cr-966,https://sto.cross-export.ru/images/tild6637-3362-4037-b661-313938346531___12.jpg,1
p72,Стенд ТНВД NTS-815A — ООО «КРОСС ЭКСПОРТ»,"Стенд для проверки ТНВД NTS-815A. В наличии и под заказ, доставка по России, гарантия и техподдержка.",815,https://sto.cross-export.ru/nts-815a,https://sto.cross-export.ru/images/tild6637-3362-4037-b661-313938346531___12.jpg,1
p73,Стенд ТНВД NTS-815A PRO — ООО «КРОСС ЭКСПОРТ»,"Стенд для проверки ТНВД NTS-815A PRO. В наличии и под заказ, доставка по России, гарантия и техподдержка.",815,https://sto.cross-export.ru/nts-815apro,https://sto.cross-export.ru/images/tild6637-3362-4037-b661-313938346531___12.jpg,1
p74,Стенд ТНВД NTi-1010 — ООО «КРОСС ЭКСПОРТ»,"Стенд для проверки ТНВД NTi-1010. В наличии и под заказ, доставка по России, гарантия и техподдержка.",1010,https://sto.cross-export.ru/nti-1010,https://sto.cross-export.ru/images/tild6637-3362-4037-b661-313938346531___12.jpg,1
p75,Стенд ТНВД NTi-318 PRO — ООО «КРОСС ЭКСПОРТ»,"Стенд для проверки ТНВД NTi-318 PRO. В наличии и под заказ, доставка по России, гарантия и техподдержка.",318,https://sto.cross-export.ru/nts-300,https://sto.cross-export.ru/images/tild6637-3362-4037-b661-313938346531___12.jpg,1
p76,Стенд ТНВД NTS-300 — ООО «КРОСС ЭКСПОРТ»,"Стенд для проверки ТНВД NTS-300. В наличии и под заказ, доставка по России, гарантия и техподдержка.",300,https://sto.cross-export.ru/nti-318pro,https://sto.cross-export.ru/images/tild6637-3362-4037-b661-313938346531___12.jpg,1
p77,Стенд Common Rail EPS-208 PRO — ООО «КРОСС ЭКСПОРТ»,"Стенд для проверки ТНВД EPS-208 PRO. В наличии и под заказ, доставка по России, гарантия и техподдержка.",208,https://sto.cross-export.ru/eps-208pro,https://sto.cross-export.ru/images/tild6637-3362-4037-b661-313938346531___12.jpg,1
